steam_volume,injection_pressure,soak_time,stroke_length,spm,vfd_frequency,predicted_oil_production,rod_floating_risk,impact_loading_risk,pump_unsetting_risk,combined_srp_risk,estimated_steam_oil_ratio,pump_load_indicator,optimization_score
887.9834256099064,18.565190127955525,40.09860662778307,55.05718577655613,7.97260175217763,30.944384115224384,12.689603960526643,0.1423857057199056,0.1245719506959824,0.23185694773350837,0.16627153471646547,69.97723714405453,1.3583006951671697,0.8525793113181698
1005.1181351289523,15.156258019688773,40.15845096972124,59.27909986748419,6.567265298057754,34.160007418932594,12.744201674336008,0.10657415191601056,0.15741398385006336,0.22561558873076024,0.16320124149894474,78.86866206402219,1.3298544705909905,0.8323492074958405
1077.6807307859751,21.359729198204946,40.38083580641246,46.282697741269324,8.187174595043043,32.81993484594342,12.90415148596463,0.19298399904895377,0.22753821005155833,0.2989887525544938,0.23983698721833532,83.51426530896889,1.2436278292178606,0.8222568555451859
888.6697080854082,20.965634441187298,39.982194760674,61.87111540574738,6.624475866735381,37.356672973737616,12.829221091374226,0.338938075283986,0.3403792276500951,0.38264220942777966,0.35398650412062027,69.26918647328547,1.5311144610152014,0.81271668820855
798.7069750419007,14.902684477704344,39.47275258000104,60.673164969115604,6.334735805131822,38.308311372019446,12.709827656302732,0.3860175916337969,0.385260998771963,0.4758497094088679,0.4157094332715426,62.841684139267336,1.4723740884825927,0.8114471369178478
1002.6106404154363,15.753320911208329,41.26443047499533,48.273125873337165,7.206553598030027,39.62354731488328,13.34679449561678,0.6031842296535366,0.545386287560386,0.7325005753404976,0.6270236975181401,75.11995788537116,1.378435331790359,0.794364227904619
1141.128385466772,15.478354142610607,38.115539095355444,49.70165003051533,6.626071015910105,33.762123801028046,12.44906281086745,0.10325998383037781,0.1472124874576791,0.19867119925615376,0.14971455684807022,91.66379853675573,1.111876755739798,0.7808555977560561
967.4458427108668,18.958900649233705,38.14469370840354,50.231137587840685,7.224379573522279,36.288134894169524,12.512592186524632,0.326419199063716,0.28495540910752637,0.45467437944411104,0.3553496625384511,77.3177794248543,1.3168557883632876,0.7705958088396568
750.6771924886228,18.471925000189525,39.038445798268945,63.25635900652572,7.1347050449860125,37.75461282420612,12.56628988193754,0.512027933976655,0.5048808789137506,0.5258761593677758,0.5142616574193938,59.737376707155775,1.7039240594752474,0.7669805410286034
826.1292910765305,15.84652805942074,40.480370815579796,48.97806697863848,7.358157525075411,43.541673067437685,13.257060578220756,0.8703878964503796,0.8522225108180443,0.8500229682178453,0.8575444584954232,62.31617380052783,1.569191093372692,0.7590251996952035
1010.4959198914853,16.35826623818258,39.25873660554831,48.45463567898663,6.04010508586349,44.12791888802604,13.230903371686804,0.7867058485356607,0.703991698275947,0.7650536802068862,0.7519170756728313,76.37391729833618,1.2914966182094665,0.7562886676362308
1076.7940833487028,15.459360301294325,39.618812833814644,60.27931513094297,8.28858458235896,31.921612087186862,12.555792839792606,0.15430074796269308,0.24974568311598688,0.29433183674189806,0.2327927559401927,85.76073985037883,1.5949001496228215,0.7554571807823389
884.4060172820649,20.844593188565945,34.93205954776547,50.87765111717307,6.431813939037935,35.25900898060361,11.800838934406041,0.16128930322140353,0.17847230484697033,0.28107087574566897,0.20694416127134763,74.94433422894427,1.1538002452887082,0.7529223276659697
1052.7894724712655,15.822110704677955,36.59352772282591,52.52126419584998,6.704012371415663,34.121717650556995,12.052713234221489,0.11758631509012335,0.1567050323022997,0.2066142676791208,0.1603018716905146,87.34875309918277,1.2014366142524373,0.7456851179964271
987.6328041194143,20.73353208151105,39.420760130128116,50.05680774715832,6.391571246625969,44.93379393167044,13.254968971534257,0.8146221079859728,0.7926887406540226,0.8529116529335121,0.8200741671911692,74.51038220009475,1.4376192310311697,0.7380914087750652
827.8652000300107,19.65916823489885,39.074409613309676,55.98846679458077,6.8779191403032645,44.12085226074309,12.949547063067893,0.8219904929606296,0.8544168763929978,0.8444765204724012,0.8402946299420094,63.930050680388824,1.6990240775507897,0.7171958477618909
957.0512059265998,16.58926855941679,38.06294743186059,56.78778611119829,8.80305407004006,30.758031392204295,12.188407940025247,0.269763625268673,0.49938432279638617,0.3471859019643327,0.3721112833431306,78.5214287736268,1.5376122954146516,0.7137888866382956
813.1041281014284,15.00490489771158,33.746025064581175,46.58227874597438,7.98953050302172,31.97110653490278,11.283092913456318,0.18197024402035578,0.18612799377415293,0.27956507461674485,0.21588777080375118,72.0639397670574,1.18987038856998,0.7052743193262194
998.0674029030911,16.529187626112343,37.31070254976815,48.946152163697114,8.03937312700483,35.87175722020892,12.224382508400975,0.36584142565188227,0.43742077006316216,0.5653611165917638,0.4562077707689361,81.64562931642463,1.4115406623847138,0.6973351910555754
840.5816077515096,18.967678785974613,38.33948046514593,49.58834864629056,8.993602948308148,34.71594064550561,12.356315311455962,0.6183377441066858,0.8331643898362825,0.5977105678010466,0.6830709005813382,68.02850093766851,1.5482542950872813,0.6917993212921063
1142.8423809587864,14.949078107380375,35.26910669331876,47.898072231833034,6.736880872441917,35.1576041643498,11.86550107896112,0.17420905843243234,0.2175686138798758,0.25160767459436145,0.2144617823022232,96.31640276744618,1.1344782512766445,0.6905020021573681
844.6913165140484,15.53155766030363,40.56335328654255,60.418818889019384,8.77179860591213,37.86299534851162,12.90518368913536,0.7700171861991201,0.8566880243314868,0.8511612984480269,0.825955502992878,65.45364536152854,2.0066695069807103,0.6882667955635009
1101.4855968482686,19.702584386113024,34.82664608494994,53.07350798087822,6.845206407752171,33.83662597200778,11.661024678572485,0.09674110794762651,0.12426106716706109,0.2079137199676619,0.14297196502744983,94.45873130448686,1.2292816334932155,0.6853300469769722
894.9911576280563,18.249044565772124,40.3379529082351,56.369487686708645,8.66831276200934,38.98718729293147,12.925563091202559,0.8230286399444999,0.8883477252465292,0.83592568799026,0.849100684393763,69.24194724152545,1.9050244978694817,0.6803680887345541
883.0122560271789,15.118826301691584,33.65942956579467,62.177135088831804,6.82118295636713,34.21039250029486,11.189671736008844,0.09669127620865389,0.1440398356170365,0.22002505413195972,0.15358538865255003,78.91315106104565,1.4509366887713768,0.6688409704611581
1095.658161374625,22.045393190788896,39.436207295344474,47.974752854654476,8.622824704864474,36.72002361001935,12.745253492026873,0.642887212714649,0.801508309179682,0.7367802956841389,0.72705860585949,85.96597643664307,1.5190261672008516,0.6653867431417089
799.9506782690901,21.2943086919501,37.37751748232611,51.78760885606649,8.927233539920694,37.14958915168539,12.213465945573443,0.7324689433242025,0.8795705021071185,0.7932352858637209,0.8017582437650139,65.49743388436092,1.7175000981474986,0.6455449053842397
957.7914665880528,18.661158453830485,39.999003142429224,59.4407599358416,8.78430883806561,38.80151220563746,12.839459766125085,0.8358239919489049,0.8909979350386101,0.8368941385842232,0.854572021857246,74.5974896167389,2.0260054114529042,0.644235908644681
1092.6466078691521,16.701361310365616,41.47338559029543,58.17384509904319,8.781564605882288,42.085886362368946,13.250111435801063,0.877829123274199,0.8872297061269857,0.8965356500568714,0.8871981598193521,82.46320139745254,2.1499885604594207,0.6435846577111191
750.9104086685859,17.910146327644576,31.493386021771585,58.66639087724896,6.961340898911601,35.28399985596138,10.805990852209572,0.21780395423181753,0.22714961680285697,0.2969630012263814,0.24730552408701864,69.49019473906387,1.4409870734283876,0.639553119543365
1055.759199697097,20.7472395515292,35.274915891885676,56.6224464579959,6.19393899428638,40.25602815044475,11.99619310156491,0.5176888864275025,0.4281775994843311,0.6104694963190549,0.5187786607436294,88.00785305459719,1.4118432326175159,0.6394473622415667
813.9778901772826,21.96388021664605,29.22125420087565,46.743413204057845,6.6740423177567765,30.92611809866328,10.3804058758742,0.09939911576805688,0.09087014139976218,0.18740560448088947,0.1258916205495695,78.41484233955663,0.9647944298438078,0.6314756812403389
780.9821808754876,19.65972254365581,35.662017294813964,58.19899056197972,6.909729862907811,43.501170108732396,12.098120498746486,0.8097407028261545,0.848618954924566,0.8187699594608474,0.825709872403856,64.55400910880388,1.749353023056842,0.6290565467176474
1090.6400570494652,17.887422743373463,36.948093394609565,63.171125548424726,7.428251785969804,37.997756597438034,12.116015514640747,0.6021819882884106,0.5317549512984866,0.6041684757136648,0.579368471766854,90.01639653989861,1.7830486275764401,0.603469046953674
852.8275168206332,21.95554516513966,34.486337706514604,62.500689078456915,8.345941898664922,34.70675493963326,11.485194398547836,0.444069335614987,0.6016963570237964,0.49938314831291225,0.5150496136505652,74.25451300401697,1.8103984612438173,0.6033656798987543
1156.0966550873877,14.51661757101138,33.361496952633146,58.45248784640786,6.927430550476766,33.75171527685262,11.182166796169145,0.11015380443786285,0.12871921311298612,0.19905754334679743,0.14597685363254878,103.38753446992494,1.3666931873900048,0.5975098033445081
1027.4309178233939,17.199757457038864,34.56101618794245,58.065580230498284,8.971036363913589,32.58230818757997,11.434238093157266,0.3119937182101901,0.6227809377013842,0.4269799764347438,0.45391821078210604,89.85565189850755,1.6972399060446721,0.5706634589509032
838.1223520301796,15.890214650726454,33.82858320611493,60.81744144170249,7.638837432029293,37.955951158339055,11.381046222170436,0.6904258265106202,0.5231556116697108,0.6944525486240198,0.6360113289347836,73.6419425480854,1.7633368861081218,0.5704094675560913
822.3594695475438,16.855779599561863,27.05178733844768,50.1483002218107,6.116812652376044,33.5012856062932,9.907034468149142,0.10507921424699397,0.11996618032718177,0.1435401485676734,0.1228618477139497,83.00763181872517,1.0276444226126655,0.5650712845229275
908.5862578673839,18.9576472729658,31.731566899757766,47.72455524635536,6.905250570973219,41.503212378730616,11.293760202831788,0.6423297379271431,0.6028069966834477,0.7576441580709063,0.6675936308938324,80.4502877296408,1.367738415257043,0.5618797895835872
1037.8378046437595,21.608552353231907,35.49061645811429,49.4435291104706,8.836462716153274,35.814522383952216,11.781455496642383,0.6415847842415671,0.8506313603918333,0.7532383072029938,0.748484817278798,88.09079701056754,1.5647576190374857,0.5531349935075317
862.8622704497214,20.900606223490875,34.825586109141426,47.86642215324716,8.782713584428716,45.481394211575356,11.84308001698557,0.9540895235397089,0.9456924061517157,0.9388225641373189,0.9462014979429144,72.85792793869399,1.912024514273927,0.5367783057805855
905.138681483087,18.082449987149484,31.91535060210048,48.71709242092918,6.756489288252657,44.296595843651566,11.43770392433348,0.8309890162764287,0.8346924732281857,0.8367833479422214,0.8341549458156119,79.1363972586686,1.4580513029955557,0.5354188324336245
828.133655476292,21.75062702695251,27.536226957048793,61.327768850151585,6.145918113136638,31.907990312478077,9.750948713157303,0.11302662985184031,0.07912713973966407,0.16458828027618264,0.11891401662256233,84.92852129955946,1.2026614380906147,0.5310767025172958
1057.149818499618,19.490397758362676,30.622228406014603,58.088863910273886,7.498978845735291,33.897789412868235,10.598389341991574,0.18602957231740846,0.1469140820305548,0.26389486225347325,0.19894617220047883,99.74627128587503,1.4766119831872353,0.5299956721612888
802.8080760338424,21.214177384992713,33.02361761302583,51.31257761531151,8.051149171729753,42.56278086654816,11.442652841714807,0.929148380937063,0.8882248931957143,0.8505171286671301,0.8892968009333025,70.15926176726802,1.7583758071691962,0.529678583296669
923.5887635802575,14.736022584694162,36.37175087941636,60.23287627426885,8.583349124580886,43.78571817438354,12.091492993059742,0.9358260086976538,0.9287723777488975,0.9364813668844363,0.9336932511103292,76.3833518416938,2.2637207794709617,0.5272119498759249
1137.4735673357047,17.251415185753807,34.14954160533183,47.219763828825336,7.8075016401214326,39.436443943141754,11.662428273759122,0.7768129824185801,0.7149471952742693,0.6993200558231388,0.7303600778386627,97.53316724742999,1.4538970041072083,0.5232524550279978
1105.8445178089967,20.902594788043046,30.96158845407449,63.758484673517586,7.4408796830393955,30.741110773787966,10.521241207644135,0.10624623432673755,0.08205709208426014,0.19440475961873552,0.12756936200991106,105.10589919804833,1.4584173587072364,0.5228485755635323
766.198490391947,20.08986408856866,31.425875423957883,52.42268601296803,7.20334670533,45.126521208203485,11.24059740109367,0.8602976064416304,0.8800801781646269,0.8922141147813673,0.8775306331292082,68.16350261930016,1.7040622000534658,0.5224918380803343
